ccs_epichron_label,n_positive_total,n_positive_ctl,n_positive_hiv,n_negative_total,n_negative_ctl,n_negative_hiv,OR_HIV,lb_HIV,ub_HIV,p_value_HIV,OR_edad,lb_edad,ub_edad,p_value_edad,p_05_HIV,p_05_edad
Acquired_foot_deformities,146,103,43,8399,5570,2829,0.821,0.573,1.177,0.284,1.037,1.026,1.047,0,FALSE,TRUE
Acute_cerebrovascular_disease,39,19,20,8506,5654,2852,2.104,1.118,3.958,0.021,1.064,1.043,1.085,0,TRUE,TRUE
Adictions,69,14,55,8476,5659,2817,7.893,4.383,14.217,0,1.007,0.992,1.022,0.369,TRUE,FALSE
Adjustment_disorders,157,94,63,8388,5579,2809,1.332,0.964,1.838,0.082,1.015,1.005,1.025,0.004,FALSE,TRUE
Alcohol-related_disorders,47,17,30,8498,5656,2842,3.512,1.934,6.378,0,1.003,0.985,1.021,0.753,TRUE,FALSE
Allergic_rhinitis,435,307,128,8110,5366,2744,0.815,0.66,1.007,0.058,0.991,0.985,0.997,0.004,FALSE,TRUE
Anxiety_disorders,1157,739,418,7388,4934,2454,1.137,0.999,1.294,0.051,1.002,0.998,1.006,0.327,FALSE,FALSE
Aortic__peripheral__and_visceral_artery_aneurysms,3,1,2,8542,5672,2870,3.953,0.358,43.612,0.262,1.017,0.947,1.091,0.648,FALSE,FALSE
Aortic_and_peripheral_arterial_embolism_or_thrombosis,4,2,2,8541,5671,2870,1.988,0.279,14.16,0.493,1.093,1.028,1.163,0.005,FALSE,TRUE
Asthma,239,144,95,8306,5529,2777,1.314,1.01,1.709,0.042,1.003,0.995,1.011,0.408,TRUE,FALSE
Atopic_dermatitis,142,106,36,8403,5567,2836,0.664,0.453,0.974,0.036,0.958,0.948,0.967,0,TRUE,TRUE
Attention-deficit__conduct__and_disruptive_behavior_disorders,16,9,7,8529,5664,2865,1.538,0.572,4.134,0.394,0.985,0.956,1.015,0.328,FALSE,FALSE
Cardiac_and_circulatory_congenital_anomalies,4,2,2,8541,5671,2870,1.99,0.277,14.289,0.494,0.873,0.807,0.944,0.001,FALSE,TRUE
Cardiac_dysrhythmias,122,85,37,8423,5588,2835,0.857,0.58,1.267,0.44,1.049,1.037,1.06,0,FALSE,TRUE
Cataract,184,126,58,8361,5547,2814,0.904,0.652,1.253,0.543,1.091,1.08,1.102,0,FALSE,TRUE
Chronic_kidney_disease,108,61,47,8437,5612,2825,1.549,1.051,2.283,0.027,1.067,1.054,1.079,0,TRUE,TRUE
Chronic_obstructive_pulmonary_disease_and_bronchiectasis,108,44,64,8437,5629,2808,2.931,1.99,4.318,0,1.034,1.022,1.047,0,TRUE,TRUE
Chronic_ulcer_of_skin,57,27,30,8488,5646,2842,2.255,1.33,3.823,0.003,1.081,1.063,1.099,0,TRUE,TRUE
Coagulation_and_hemorrhagic_disorders,76,39,37,8469,5634,2835,1.891,1.202,2.974,0.006,1.036,1.022,1.051,0,TRUE,TRUE
Conduction_disorders,20,15,5,8525,5658,2867,0.658,0.239,1.815,0.419,1.057,1.029,1.086,0,FALSE,TRUE
Congestive_heart_failure__nonhypertensive,87,19,68,8458,5654,2804,7.445,4.454,12.445,0,1.062,1.048,1.076,0,TRUE,TRUE
Delirium__dementia__and_amnestic_and_other_cognitive_disorders,179,120,59,8366,5553,2813,0.971,0.707,1.335,0.857,1.054,1.044,1.064,0,FALSE,TRUE
Depression_and_Mood_disorders,748,448,300,7797,5225,2572,1.363,1.168,1.59,0,1.016,1.011,1.021,0,TRUE,TRUE
Diabetes,218,137,81,8327,5536,2791,1.176,0.888,1.556,0.257,1.041,1.032,1.05,0,FALSE,TRUE
Diseases_of_white_blood_cells,73,52,21,8472,5621,2851,0.796,0.479,1.324,0.38,1,0.986,1.015,0.979,FALSE,FALSE
Disorders_of_lipid_metabolism,1000,677,323,7545,4996,2549,0.933,0.809,1.077,0.345,1.033,1.029,1.038,0,FALSE,TRUE
Disorders_usually_diagnosed_in_infancy__childhood__or_adolescence,19,14,5,8526,5659,2867,0.705,0.254,1.959,0.503,0.988,0.961,1.015,0.375,FALSE,FALSE
Diverticulosis_and_diverticulitis,56,36,20,8489,5637,2852,1.1,0.635,1.908,0.734,1.055,1.038,1.072,0,FALSE,TRUE
Dyspareunia,76,54,22,8469,5619,2850,0.803,0.488,1.322,0.389,0.979,0.966,0.993,0.002,FALSE,TRUE
Eating_disorders,19,7,12,8526,5666,2860,3.398,1.336,8.641,0.01,0.982,0.956,1.009,0.192,TRUE,FALSE
Endometriosis,29,16,13,8516,5657,2859,1.608,0.772,3.347,0.204,0.992,0.97,1.014,0.477,FALSE,FALSE
Epilepsy__convulsions,43,11,32,8502,5662,2840,5.8,2.919,11.523,0,1.002,0.984,1.021,0.795,TRUE,FALSE
Escleritis,9,6,3,8536,5667,2869,0.988,0.247,3.951,0.986,1.007,0.966,1.048,0.754,FALSE,FALSE
Esophageal_disorders,180,118,62,8365,5555,2810,1.039,0.761,1.418,0.811,1.014,1.004,1.023,0.004,FALSE,TRUE
Female_infertility,88,56,32,8457,5617,2840,1.131,0.73,1.751,0.582,0.976,0.964,0.988,0,FALSE,TRUE
Glaucoma,107,66,41,8438,5607,2831,1.234,0.832,1.83,0.296,1.048,1.036,1.061,0,FALSE,TRUE
Gout,18,11,7,8527,5662,2865,1.261,0.488,3.261,0.633,1.062,1.032,1.092,0,FALSE,TRUE
HIV-related_disease,44,11,33,8501,5662,2839,5.984,3.02,11.857,0,1.007,0.989,1.026,0.43,TRUE,FALSE
Headache__including_migraine,877,554,323,7668,5119,2549,1.171,1.013,1.354,0.033,0.996,0.992,1.001,0.085,TRUE,FALSE
Hearing_loss_and_other_ear_and_sense_organ_disorders,252,158,94,8293,5515,2778,1.182,0.912,1.533,0.207,1.024,1.016,1.032,0,FALSE,TRUE
Heart_valve_disorders,24,16,8,8521,5657,2864,0.989,0.422,2.319,0.981,1.063,1.037,1.09,0,FALSE,TRUE
Hepatic_steatosis_and_other_liver_diseases,104,42,62,8441,5631,2810,2.978,2.005,4.422,0,1.038,1.026,1.051,0,TRUE,TRUE
Hepatitis,130,18,112,8415,5655,2760,12.758,7.74,21.03,0,1.009,0.998,1.02,0.111,TRUE,FALSE
Hyperparathyroidism_and_other_endocrine_disorders,30,14,16,8515,5659,2856,2.267,1.104,4.653,0.026,1.029,1.007,1.053,0.011,TRUE,TRUE
Hyperplasia_of_prostate,1,0,1,8544,5673,2871,2.267,1.104,4.653,0.026,1.029,1.007,1.053,0.011,TRUE,TRUE
Hypertension,730,484,246,7815,5189,2626,1.005,0.854,1.182,0.955,1.032,1.027,1.037,0,FALSE,TRUE
Immunity_disorders,5,3,2,8540,5670,2870,1.322,0.22,7.931,0.76,1.08,1.023,1.14,0.005,FALSE,TRUE
Infective_arthritis_and_osteomyelitis__except_that_caused_by_tuberculosis_or_sexually_transmitted_disease_,12,4,8,8533,5669,2864,3.962,1.192,13.169,0.025,1.028,0.992,1.065,0.126,TRUE,FALSE
Irritable_bowel_and_other_GI_disorders,66,44,22,8479,5629,2850,0.988,0.591,1.651,0.962,1.008,0.993,1.023,0.316,FALSE,FALSE
Ischemic_heart_disease,50,18,32,8495,5655,2840,3.576,2,6.393,0,1.055,1.037,1.073,0,TRUE,TRUE
Joint_disorders_and_dislocations__trauma-related,40,28,12,8505,5645,2860,0.846,0.43,1.666,0.628,1,0.981,1.02,0.978,FALSE,FALSE
Menieres_disease,13,8,5,8532,5665,2867,1.235,0.404,3.78,0.711,1.029,0.995,1.064,0.098,FALSE,FALSE
Menopausal_disorders,450,329,121,8095,5344,2751,0.712,0.575,0.882,0.002,1.029,1.023,1.035,0,TRUE,TRUE
Menstrual_disorders,1087,706,381,7458,4967,2491,1.077,0.942,1.232,0.279,0.983,0.979,0.987,0,FALSE,TRUE
Miscellaneous_mental_health_disorders,297,198,99,8248,5475,2773,0.987,0.772,1.262,0.918,1.003,0.995,1.01,0.466,FALSE,FALSE
Multiple_sclerosis,11,8,3,8534,5665,2869,0.741,0.196,2.793,0.657,0.984,0.95,1.02,0.391,FALSE,FALSE
Myodesopsia_and_other_eye_disorders,105,69,36,8440,5604,2836,1.031,0.687,1.548,0.882,1.028,1.016,1.04,0,FALSE,TRUE
Neoplasms,144,79,65,8401,5594,2807,1.65,1.182,2.303,0.003,1.045,1.034,1.056,0,TRUE,TRUE
Neuropathy_and_other_nervous_system_disorders,308,213,95,8237,5460,2777,0.877,0.685,1.122,0.295,1.019,1.012,1.027,0,FALSE,TRUE
Nonmalignant_breast_conditions,81,60,21,8464,5613,2851,0.689,0.418,1.135,0.143,1.008,0.994,1.022,0.273,FALSE,FALSE
Nutritional_deficiencies,7,3,4,8538,5670,2868,2.646,0.591,11.841,0.203,1.065,1.018,1.115,0.006,FALSE,TRUE
Obesity,319,227,92,8226,5446,2780,0.794,0.62,1.016,0.066,1.012,1.005,1.019,0.001,FALSE,TRUE
Obstructive_Sleep_apnea,49,35,14,8496,5638,2858,0.789,0.424,1.47,0.455,1.033,1.015,1.051,0,FALSE,TRUE
Osteoarthritis,345,235,110,8200,5438,2762,0.92,0.728,1.163,0.487,1.049,1.041,1.056,0,FALSE,TRUE
Osteoporosis,205,109,96,8340,5564,2776,1.794,1.354,2.379,0,1.056,1.047,1.065,0,TRUE,TRUE
Other_acquired_deformities,53,41,12,8492,5632,2860,0.576,0.302,1.098,0.094,0.988,0.972,1.005,0.164,FALSE,FALSE
Other_and_ill-defined_cerebrovascular_disease,9,7,2,8536,5666,2870,0.565,0.117,2.721,0.476,1.057,1.015,1.1,0.007,FALSE,TRUE
Other_and_ill-defined_heart_disease,11,5,6,8534,5668,2866,2.374,0.724,7.785,0.154,1.02,0.983,1.059,0.282,FALSE,FALSE
Other_bone_disease_and_musculoskeletal_deformities,11,7,4,8534,5666,2868,1.129,0.33,3.86,0.846,1.024,0.987,1.063,0.205,FALSE,FALSE
Other_circulatory_disease,52,33,19,8493,5640,2853,1.138,0.646,2.005,0.654,1.005,0.989,1.023,0.531,FALSE,FALSE
Other_congenital_anomalies,35,26,9,8510,5647,2863,0.683,0.319,1.459,0.325,0.971,0.952,0.99,0.003,FALSE,TRUE
Other_diseases_of_bladder_and_urethra,14,9,5,8531,5664,2867,1.098,0.368,3.28,0.867,1.034,1.001,1.068,0.046,FALSE,TRUE
Other_diseases_of_veins_and_lymphatics,10,5,5,8535,5668,2867,1.984,0.573,6.867,0.28,1.064,1.024,1.105,0.001,FALSE,TRUE
Other_infections__including_parasitic,3,1,2,8542,5672,2870,3.955,0.358,43.642,0.262,1.035,0.965,1.11,0.334,FALSE,FALSE
Other_lower_respiratory_disease,2,1,1,8543,5672,2871,1.987,0.124,31.858,0.628,1.099,1.006,1.201,0.037,FALSE,TRUE
Other_male_genital_disorders,3,1,2,8542,5672,2870,3.961,0.359,43.712,0.261,1.055,0.984,1.131,0.13,FALSE,FALSE
Other_non-traumatic_joint_disorders,114,75,39,8431,5598,2833,1.028,0.696,1.517,0.891,1.014,1.002,1.026,0.021,FALSE,TRUE
Other_nutritional__endocrine__and_metabolic_disorders,100,67,33,8445,5606,2839,0.973,0.64,1.479,0.897,0.993,0.981,1.005,0.233,FALSE,FALSE
Pancreatic_disorders__not_diabetes_,13,7,6,8532,5666,2866,1.696,0.569,5.051,0.343,1.032,0.998,1.068,0.065,FALSE,FALSE
Paralysis,20,16,4,8525,5657,2868,0.493,0.165,1.476,0.206,1.017,0.989,1.045,0.229,FALSE,FALSE
Parkinson_s_disease,9,6,3,8536,5667,2869,0.991,0.247,3.976,0.99,1.083,1.04,1.128,0,FALSE,TRUE
Peri-__endo-__and_myocarditis__cardiomyopathy__except_that_caused_by_tuberculosis_or_sexually_transmitted_disease_,10,5,5,8535,5668,2867,1.978,0.572,6.84,0.281,1.031,0.992,1.071,0.124,FALSE,FALSE
Peripheral_and_visceral_atherosclerosis,11,8,3,8534,5665,2869,0.74,0.196,2.793,0.657,1.019,0.982,1.058,0.308,FALSE,FALSE
Personality_disorders,29,10,19,8516,5663,2853,3.772,1.751,8.122,0.001,0.995,0.972,1.017,0.639,TRUE,FALSE
Prolapse_of_female_genital_organs,74,49,25,8471,5624,2847,1.009,0.621,1.639,0.972,1.045,1.03,1.06,0,FALSE,TRUE
Psoriasis_and_other_inflammatory,132,93,39,8413,5580,2833,0.826,0.567,1.204,0.32,1.008,0.998,1.019,0.123,FALSE,FALSE
Pulmonary_heart_disease,6,2,4,8539,5671,2868,3.961,0.725,21.645,0.112,1.045,0.994,1.097,0.084,FALSE,FALSE
Regional_enteritis_and_ulcerative_colitis,12,9,3,8533,5664,2869,0.658,0.178,2.432,0.53,1.012,0.977,1.049,0.497,FALSE,FALSE
Restless_leg_syndrome_and_other_nervous_system_conditions,32,16,16,8513,5657,2856,1.982,0.99,3.971,0.054,1.027,1.005,1.05,0.015,FALSE,TRUE
Retinal_detachments__defects__vascular_occlusion__and_retinopathy,24,17,7,8521,5656,2865,0.813,0.337,1.964,0.646,1.041,1.016,1.067,0.001,FALSE,TRUE
Rheumatoid_arthritis_and_related_disease,37,25,12,8508,5648,2860,0.948,0.476,1.891,0.88,1.03,1.01,1.051,0.004,FALSE,TRUE
Schizophrenia_and_other_psychotic_disorders,40,18,22,8505,5655,2850,2.425,1.299,4.529,0.005,1.007,0.987,1.026,0.499,TRUE,FALSE
Sexual_disorders,24,9,15,8521,5664,2857,3.304,1.444,7.56,0.005,1.01,0.985,1.035,0.449,TRUE,FALSE
Sleeping_disorders,25,18,7,8520,5655,2865,0.768,0.32,1.841,0.554,0.977,0.954,1,0.049,FALSE,TRUE
Spondylosis__intervertebral_disc_disorders__other_back_problems,213,150,63,8332,5523,2809,0.825,0.612,1.112,0.207,1.032,1.023,1.041,0,FALSE,TRUE
Systemic_lupus_erythematosus_and_connective_tissue_disorders,34,19,15,8511,5654,2857,1.562,0.793,3.079,0.197,1.007,0.986,1.029,0.506,FALSE,FALSE
Thalassemia_and_other_anemia,12,7,5,8533,5666,2867,1.414,0.448,4.469,0.555,0.939,0.909,0.969,0,FALSE,TRUE
Thyroid_disorders,651,451,200,7894,5222,2672,0.866,0.729,1.03,0.104,1.01,1.005,1.015,0,FALSE,TRUE
Transient_cerebral_ischemia,23,15,8,8522,5658,2864,1.058,0.446,2.511,0.898,1.088,1.06,1.116,0,FALSE,TRUE
Urinary_incontinence,328,197,131,8217,5476,2741,1.342,1.067,1.688,0.012,1.052,1.044,1.059,0,TRUE,TRUE
Urinary_tract_infections,16,11,5,8529,5662,2867,0.898,0.312,2.59,0.843,1.049,1.018,1.081,0.002,FALSE,TRUE
Viral_infection,12,6,6,8533,5667,2866,1.977,0.637,6.136,0.238,0.995,0.961,1.031,0.786,FALSE,FALSE
Vision_defects,434,259,175,8111,5414,2697,1.357,1.114,1.653,0.002,1.01,1.004,1.016,0.001,TRUE,TRUE
